ID,Fecha,Latitud,Longitud,Temperatura,Rumbo,Velocidad,Metadatos
300234066899350,2020-07-02 16:30:00,43.4403,-4.28962,19.6,-,-,n/a
300234066899350,2020-07-02 16:00:00,43.4404,-4.29125,19.6,-,-,n/a
300234066899350,2020-07-02 15:30:00,43.4397,-4.29263,19.6,-,-,n/a
300234066899350,2020-07-02 15:00:00,43.4397,-4.29417,19.5,-,-,n/a
300234066899350,2020-07-02 14:30:00,43.4404,-4.29512,19.5,-,-,n/a
300234066899350,2020-07-02 14:00:00,43.4421,-4.29555,19.5,-,-,n/a
300234066899350,2020-07-02 13:30:00,43.4438,-4.29598,19.6,-,-,n/a
300234066899350,2020-07-02 13:00:00,43.4453,-4.29641,19.6,-,-,n/a
300234066899350,2020-07-02 12:30:00,43.447,-4.2971,19.7,-,-,n/a
300234066899350,2020-07-02 12:00:00,43.449,-4.29779,19.6,-,-,n/a
300234066899350,2020-07-02 11:30:00,43.4506,-4.29847,19.6,-,-,n/a
300234066899350,2020-07-02 11:00:00,43.4525,-4.29916,19.7,-,-,n/a
300234066899350,2020-07-02 10:30:00,43.4552,-4.30045,19.7,-,-,n/a
300234066899350,2020-07-02 10:00:00,43.4576,-4.30174,19.6,-,-,n/a
300234066899350,2020-07-02 09:30:00,43.4592,-4.30363,19.6,-,-,n/a
300234066899350,2020-07-02 09:00:00,43.4606,-4.30553,19.6,-,-,n/a
300234066899350,2020-07-02 08:30:00,43.4628,-4.30768,19.5,-,-,n/a
300234066899350,2020-07-02 08:00:00,43.4655,-4.31026,19.5,-,-,n/a
300234066899350,2020-07-02 07:30:00,43.4674,-4.31404,19.5,-,-,n/a
300234066899350,2020-07-02 07:00:00,43.4689,-4.31868,19.5,-,-,n/a
300234066899350,2020-07-02 06:30:00,43.4704,-4.32367,19.5,-,-,n/a
300234066899350,2020-07-02 06:00:00,43.4709,-4.32849,19.5,-,-,n/a
300234066899350,2020-07-02 05:30:00,43.4694,-4.33279,19.6,-,-,n/a
300234066899350,2020-07-02 05:00:00,43.4671,-4.33631,19.6,-,-,n/a
300234066899350,2020-07-02 04:30:00,43.4643,-4.33846,19.6,-,-,n/a
300234066899350,2020-07-02 04:00:00,43.4614,-4.33941,19.6,-,-,n/a
300234066899350,2020-07-02 03:30:00,43.4598,-4.34001,19.6,-,-,n/a
300234066899350,2020-07-02 03:00:00,43.4587,-4.34044,19.6,-,-,n/a
300234066899350,2020-07-02 02:30:00,43.4582,-4.34053,19.7,-,-,n/a
300234066899350,2020-07-02 02:00:00,43.4578,-4.3401,19.7,-,-,n/a
300234066899350,2020-07-02 01:30:00,43.457,-4.33932,19.7,-,-,n/a
300234066899350,2020-07-02 01:00:00,43.457,-4.33812,19.7,-,-,n/a
300234066899350,2020-07-02 00:30:00,43.458,-4.33631,19.8,-,-,n/a
300234066899350,2020-07-02 00:00:00,43.46,-4.33459,19.9,-,-,n/a
300234066899350,2020-07-01 23:30:00,43.4618,-4.33262,20.0,-,-,n/a
300234066899350,2020-07-01 23:00:00,43.4637,-4.32986,20.0,-,-,n/a
300234066899350,2020-07-01 22:30:00,43.466,-4.32694,20.0,-,-,n/a
300234066899350,2020-07-01 22:00:00,43.4684,-4.32462,20.1,-,-,n/a
300234066899350,2020-07-01 21:30:00,43.4698,-4.3223,20.1,-,-,n/a
300234066899350,2020-07-01 21:00:00,43.4719,-4.32023,20.1,-,-,n/a
300234066899350,2020-07-01 20:30:00,43.4743,-4.31791,20.1,-,-,n/a
300234066899350,2020-07-01 20:00:00,43.477,-4.31602,20.2,-,-,n/a
300234066899350,2020-07-01 19:30:00,43.4795,-4.31413,20.2,-,-,n/a
300234066899350,2020-07-01 19:00:00,43.4819,-4.31223,20.2,-,-,n/a
300234066899350,2020-07-01 18:30:00,43.4846,-4.31094,20.1,-,-,n/a
300234066899350,2020-07-01 18:00:00,43.488,-4.31034,20.1,-,-,n/a
300234066899350,2020-07-01 17:30:00,43.4914,-4.31069,20.1,-,-,n/a
300234066899350,2020-07-01 17:00:00,43.4961,-4.31189,20.2,-,-,n/a
300234066899350,2020-07-01 16:30:00,43.4991,-4.31292,20.2,-,-,n/a
300234066899350,2020-07-01 16:00:00,43.5034,-4.31473,20.2,-,-,n/a
300234066899350,2020-07-01 15:30:00,43.5061,-4.31593,20.2,-,-,n/a
300234066899350,2020-07-01 15:00:00,43.5103,-4.31722,20.3,-,-,n/a
300234066899350,2020-07-01 14:30:00,43.5142,-4.31834,20.3,-,-,n/a
300234066899350,2020-07-01 14:00:00,43.5176,-4.31946,20.3,-,-,n/a
300234066899350,2020-07-01 13:30:00,43.5205,-4.32126,20.4,-,-,n/a
300234066899350,2020-07-01 13:00:00,43.5233,-4.32281,20.4,-,-,n/a
300234066899350,2020-07-01 12:30:00,43.5252,-4.32453,20.5,-,-,n/a
300234066899350,2020-07-01 12:00:00,43.5269,-4.3272,20.6,-,-,n/a
300234066899350,2020-07-01 11:30:00,43.5272,-4.33012,20.5,-,-,n/a
300234066899350,2020-07-01 11:00:00,43.528,-4.33253,20.4,-,-,n/a
300234066899350,2020-07-01 10:30:00,43.5276,-4.33305,20.4,-,-,n/a
300234066899350,2020-07-01 10:00:00,43.5277,-4.3327,20.3,-,-,n/a
300234066899350,2020-07-01 09:30:00,43.5274,-4.3321,20.3,-,-,n/a
300234066899350,2020-07-01 09:00:00,43.5271,-4.3315,20.3,-,-,n/a
300234066899350,2020-07-01 08:30:00,43.5264,-4.32986,20.3,-,-,n/a
300234066899350,2020-07-01 08:00:00,43.5263,-4.32789,20.3,-,-,n/a
300234066899350,2020-07-01 07:30:00,43.5257,-4.32539,20.3,-,-,n/a
300234066899350,2020-07-01 07:00:00,43.5267,-4.32135,20.2,-,-,n/a
300234066899350,2020-07-01 06:30:00,43.5281,-4.31808,20.1,-,-,n/a
300234066899350,2020-07-01 06:00:00,43.5301,-4.31542,20.1,-,-,n/a
300234066899350,2020-07-01 05:30:00,43.5312,-4.31249,20.2,-,-,n/a
300234066899350,2020-07-01 05:00:00,43.532,-4.30897,20.2,-,-,n/a
300234066899350,2020-07-01 04:30:00,43.5342,-4.30587,20.3,-,-,n/a
300234066899350,2020-07-01 04:00:00,43.5358,-4.30389,20.3,-,-,n/a
300234066899350,2020-07-01 03:30:00,43.5375,-4.3026,20.3,-,-,n/a
300234066899350,2020-07-01 03:00:00,43.5385,-4.30114,20.3,-,-,n/a
300234066899350,2020-07-01 02:30:00,43.5403,-4.30105,20.2,-,-,n/a
300234066899350,2020-07-01 02:00:00,43.5416,-4.30252,20.2,-,-,n/a
300234066899350,2020-07-01 01:30:00,43.543,-4.30432,20.2,-,-,n/a
300234066899350,2020-07-01 01:00:00,43.545,-4.30578,20.3,-,-,n/a
300234066899350,2020-07-01 00:30:00,43.5471,-4.30871,20.3,-,-,n/a
300234066899350,2020-07-01 00:00:00,43.5474,-4.31137,20.3,-,-,n/a
300234066899350,2020-06-30 23:30:00,43.5479,-4.31438,20.3,-,-,n/a
300234066899350,2020-06-30 23:00:00,43.5473,-4.31688,20.4,-,-,n/a
300234066899350,2020-06-30 22:30:00,43.5472,-4.31877,20.4,-,-,n/a
300234066899350,2020-06-30 22:00:00,43.5471,-4.32118,20.4,-,-,n/a
300234066899350,2020-06-30 21:30:00,43.5463,-4.32367,20.4,-,-,n/a
300234066899350,2020-06-30 21:00:00,43.5457,-4.32591,20.4,-,-,n/a
300234066899350,2020-06-30 20:30:00,43.5448,-4.3272,20.3,-,-,n/a
300234066899350,2020-06-30 20:00:00,43.5436,-4.3284,20.3,-,-,n/a
300234066899350,2020-06-30 19:30:00,43.5425,-4.32866,20.4,-,-,n/a
300234066899350,2020-06-30 19:00:00,43.5408,-4.32857,20.4,-,-,n/a
300234066899350,2020-06-30 18:30:00,43.54,-4.32797,20.4,-,-,n/a
300234066899350,2020-06-30 18:00:00,43.5388,-4.32763,20.5,-,-,n/a
300234066899350,2020-06-30 17:30:00,43.5372,-4.32685,20.7,-,-,n/a
300234066899350,2020-06-30 17:00:00,43.5349,-4.32565,20.7,-,-,n/a
300234066899350,2020-06-30 16:30:00,43.5324,-4.32384,20.7,-,-,n/a
300234066899350,2020-06-30 16:00:00,43.5294,-4.3204,20.8,-,-,n/a
300234066899350,2020-06-30 15:30:00,43.5268,-4.31576,20.8,-,-,n/a
300234066899350,2020-06-30 15:00:00,43.5245,-4.31,20.8,-,-,n/a
300234066899350,2020-06-30 14:30:00,43.5224,-4.30355,21.0,-,-,n/a
300234066899350,2020-06-30 14:00:00,43.5213,-4.29624,20.9,-,-,n/a
300234066899350,2020-06-30 13:30:00,43.52,-4.28841,20.9,-,-,n/a
300234066899350,2020-06-30 13:00:00,43.5199,-4.28041,20.8,-,-,n/a
300234066899350,2020-06-30 12:30:00,43.5204,-4.2731,20.7,-,-,n/a
300234066899350,2020-06-30 12:00:00,43.522,-4.26614,20.8,-,-,n/a
300234066899350,2020-06-30 11:30:00,43.5242,-4.2602,21.0,-,-,n/a
300234066899350,2020-06-30 11:00:00,43.5259,-4.25479,20.8,-,-,n/a
300234066899350,2020-06-30 10:30:00,43.5277,-4.25014,20.9,-,-,n/a
300234066899350,2020-06-30 10:00:00,43.5297,-4.24576,20.7,-,-,n/a
300234066899350,2020-06-30 09:30:00,43.5318,-4.24197,20.6,-,-,n/a
300234066899350,2020-06-30 09:00:00,43.534,-4.23999,20.5,-,-,n/a
300234066899350,2020-06-30 08:30:00,43.5363,-4.2381,20.2,-,-,n/a
300234066899350,2020-06-30 08:00:00,43.5382,-4.23776,20.0,-,-,n/a
300234066899350,2020-06-30 07:30:00,43.5399,-4.23853,19.9,-,-,n/a
300234066899350,2020-06-30 07:00:00,43.5412,-4.24094,19.9,-,-,n/a
300234066899350,2020-06-30 06:30:00,43.5422,-4.24361,19.9,-,-,n/a
300234066899350,2020-06-30 06:00:00,43.5426,-4.24653,19.8,-,-,n/a
300234066899350,2020-06-30 05:30:00,43.5424,-4.24963,19.8,-,-,n/a
300234066899350,2020-06-30 05:00:00,43.5419,-4.25238,19.8,-,-,n/a
300234066899350,2020-06-30 04:30:00,43.5409,-4.25461,19.9,-,-,n/a
300234066899350,2020-06-30 04:00:00,43.539,-4.25651,19.9,-,-,n/a
300234066899350,2020-06-30 03:30:00,43.5368,-4.25797,19.9,-,-,n/a
300234066899350,2020-06-30 03:00:00,43.5348,-4.25874,19.9,-,-,n/a
300234066899350,2020-06-30 02:30:00,43.5322,-4.25926,20.0,-,-,n/a
300234066899350,2020-06-30 02:00:00,43.5294,-4.25926,20.0,-,-,n/a
300234066899350,2020-06-30 01:30:00,43.5261,-4.25848,20.0,-,-,n/a
300234066899350,2020-06-30 01:00:00,43.5231,-4.25711,20.0,-,-,n/a
300234066899350,2020-06-30 00:30:00,43.5209,-4.2553,20.0,-,-,n/a
300234066899350,2020-06-30 00:00:00,43.5196,-4.25341,20.0,-,-,n/a
300234066899350,2020-06-29 23:30:00,43.5177,-4.25178,20.0,-,-,n/a
300234066899350,2020-06-29 23:00:00,43.5158,-4.24954,20.1,-,-,n/a
300234066899350,2020-06-29 22:30:00,43.5135,-4.24748,20.1,-,-,n/a
300234066899350,2020-06-29 22:00:00,43.5113,-4.24593,20.1,-,-,n/a
300234066899350,2020-06-29 21:30:00,43.5092,-4.24309,20.1,-,-,n/a
300234066899350,2020-06-29 21:00:00,43.5079,-4.23965,20.2,-,-,n/a
300234066899350,2020-06-29 20:30:00,43.5067,-4.2363,20.2,-,-,n/a
300234066899350,2020-06-29 20:00:00,43.5064,-4.23148,20.2,-,-,n/a
300234066899350,2020-06-29 19:30:00,43.5069,-4.22795,20.3,-,-,n/a
300234066899350,2020-06-29 19:00:00,43.5079,-4.224,20.3,-,-,n/a
300234066899350,2020-06-29 18:30:00,43.5085,-4.22039,20.4,-,-,n/a
300234066899350,2020-06-29 18:00:00,43.5103,-4.21669,20.5,-,-,n/a
300234066899350,2020-06-29 17:30:00,43.512,-4.21368,20.5,-,-,n/a
300234066899350,2020-06-29 17:00:00,43.5147,-4.21067,20.6,-,-,n/a
300234066899350,2020-06-29 16:30:00,43.5172,-4.20766,21.1,-,-,n/a
300234066899350,2020-06-29 16:00:00,43.5183,-4.20585,20.6,-,-,n/a
300234066899350,2020-06-29 15:30:00,43.5188,-4.2043,20.6,-,-,n/a
300234066899350,2020-06-29 15:00:00,43.5194,-4.20276,20.6,-,-,n/a
300234066899350,2020-06-29 14:30:00,43.5207,-4.20112,20.6,-,-,n/a
300234066899350,2020-06-29 14:00:00,43.5219,-4.2,20.4,-,-,n/a
300234066899350,2020-06-29 13:30:00,43.5231,-4.19957,20.3,-,-,n/a
300234066899350,2020-06-29 13:00:00,43.5241,-4.2,20.1,-,-,n/a
300234066899350,2020-06-29 12:30:00,43.5239,-4.20086,20.1,-,-,n/a
300234066899350,2020-06-29 12:00:00,43.5241,-4.20207,20.0,-,-,n/a
300234066899350,2020-06-29 11:30:00,43.5236,-4.2037,19.9,-,-,n/a
300234066899350,2020-06-29 11:00:00,43.523,-4.20508,19.9,-,-,n/a
300234066899350,2020-06-29 10:30:00,43.5226,-4.20594,19.9,-,-,n/a
300234066899350,2020-06-29 10:00:00,43.522,-4.20697,19.8,-,-,n/a
300234066899350,2020-06-29 09:30:00,43.5207,-4.20749,19.8,-,-,n/a
300234066899350,2020-06-29 09:00:00,43.5196,-4.20757,19.8,-,-,n/a
300234066899350,2020-06-29 08:30:00,43.5181,-4.20688,19.8,-,-,n/a
300234066899350,2020-06-29 08:00:00,43.5165,-4.20559,19.8,-,-,n/a
300234066899350,2020-06-29 07:30:00,43.5152,-4.20422,19.8,-,-,n/a
300234066899350,2020-06-29 07:00:00,43.514,-4.20319,19.8,-,-,n/a
300234066899350,2020-06-29 06:30:00,43.5134,-4.20147,19.8,-,-,n/a
300234066899350,2020-06-29 06:00:00,43.5122,-4.19906,19.7,-,-,n/a
300234066899350,2020-06-29 05:30:00,43.5129,-4.19562,19.7,-,-,n/a
300234066899350,2020-06-29 05:00:00,43.5143,-4.19183,19.7,-,-,n/a
300234066899350,2020-06-29 04:30:00,43.5157,-4.18814,19.8,-,-,n/a
300234066899350,2020-06-29 04:00:00,43.5172,-4.1847,19.8,-,-,n/a
300234066899350,2020-06-29 03:30:00,43.5187,-4.181,19.8,-,-,n/a
300234066899350,2020-06-29 03:00:00,43.5209,-4.17747,19.8,-,-,n/a
300234066899350,2020-06-29 02:30:00,43.5227,-4.17446,19.8,-,-,n/a
300234066899350,2020-06-29 02:00:00,43.5255,-4.17154,19.8,-,-,n/a
300234066899350,2020-06-29 01:30:00,43.5278,-4.16913,19.8,-,-,n/a
300234066899350,2020-06-29 01:00:00,43.5305,-4.16707,19.7,-,-,n/a
300234066899350,2020-06-29 00:30:00,43.5333,-4.16603,19.7,-,-,n/a
300234066899350,2020-06-29 00:00:00,43.5362,-4.16638,19.7,-,-,n/a
300234066899350,2020-06-28 23:30:00,43.5399,-4.1681,19.8,-,-,n/a
300234066899350,2020-06-28 23:00:00,43.5436,-4.17145,20.0,-,-,n/a
300234066899350,2020-06-28 22:30:00,43.548,-4.17532,20.1,-,-,n/a
300234066899350,2020-06-28 22:00:00,43.5518,-4.17902,19.8,-,-,n/a
300234066899350,2020-06-28 21:30:00,43.555,-4.18255,19.8,-,-,n/a
300234066899350,2020-06-28 21:00:00,43.5579,-4.18642,19.7,-,-,n/a
300234066899350,2020-06-28 20:30:00,43.5604,-4.19003,19.8,-,-,n/a
300234066899350,2020-06-28 20:00:00,43.5626,-4.19398,19.7,-,-,n/a
300234066899350,2020-06-28 19:30:00,43.5643,-4.1982,19.8,-,-,n/a
300234066899350,2020-06-28 19:00:00,43.5654,-4.20301,19.9,-,-,n/a
300234066899350,2020-06-28 18:30:00,43.5668,-4.2074,20.0,-,-,n/a
300234066899350,2020-06-28 18:00:00,43.5671,-4.21075,20.2,-,-,n/a
300234066899350,2020-06-28 17:30:00,43.567,-4.2129,20.3,-,-,n/a
300234066899350,2020-06-28 17:00:00,43.5675,-4.21368,20.4,-,-,n/a
300234066899350,2020-06-28 16:30:00,43.5681,-4.21351,20.7,-,-,n/a
300234066899350,2020-06-28 16:00:00,43.5681,-4.21256,20.8,-,-,n/a
300234066899350,2020-06-28 15:30:00,43.5681,-4.21032,21.0,-,-,n/a
300234066899350,2020-06-28 15:00:00,43.5678,-4.20731,21.5,-,-,n/a
300234066899350,2020-06-28 14:30:00,43.5678,-4.20396,22.4,-,-,n/a
300234066899350,2020-06-28 14:00:00,43.568,-4.20095,21.0,-,-,n/a
300234066899350,2020-06-28 13:30:00,43.5671,-4.1976,20.8,-,-,n/a
300234066899350,2020-06-28 13:00:00,43.5661,-4.19459,20.7,-,-,n/a
300234066899350,2020-06-28 12:30:00,43.5657,-4.1914,20.5,-,-,n/a
300234066899350,2020-06-28 12:00:00,43.565,-4.18874,20.3,-,-,n/a
300234066899350,2020-06-28 11:30:00,43.5643,-4.18719,20.2,-,-,n/a
300234066899350,2020-06-28 11:00:00,43.5635,-4.1859,20.3,-,-,n/a
300234066899350,2020-06-28 10:30:00,43.5618,-4.18349,20.5,-,-,n/a
300234066899350,2020-06-28 10:00:00,43.5599,-4.17988,20.4,-,-,n/a
300234066899350,2020-06-28 09:30:00,43.5585,-4.17653,20.3,-,-,n/a
300234066899350,2020-06-28 09:00:00,43.5572,-4.17326,20.2,-,-,n/a
300234066899350,2020-06-28 08:30:00,43.5577,-4.16965,20.1,-,-,n/a
300234066899350,2020-06-28 08:00:00,43.5592,-4.16603,20.0,-,-,n/a
300234066899350,2020-06-28 07:30:00,43.5607,-4.16242,19.8,-,-,n/a
300234066899350,2020-06-28 07:00:00,43.5626,-4.15898,19.7,-,-,n/a
300234066899350,2020-06-28 06:30:00,43.5657,-4.15554,19.7,-,-,n/a
300234066899350,2020-06-28 06:00:00,43.5691,-4.15296,19.7,-,-,n/a
300234066899350,2020-06-28 05:30:00,43.5729,-4.15124,19.7,-,-,n/a
300234066899350,2020-06-28 05:00:00,43.5765,-4.15012,19.6,-,-,n/a
300234066899350,2020-06-28 04:30:00,43.5796,-4.15038,19.6,-,-,n/a
300234066899350,2020-06-28 04:00:00,43.5832,-4.15073,19.6,-,-,n/a
300234066899350,2020-06-28 03:30:00,43.5864,-4.15202,19.6,-,-,n/a
300234066899350,2020-06-28 03:00:00,43.5906,-4.15348,19.6,-,-,n/a
300234066899350,2020-06-28 02:30:00,43.5937,-4.15606,19.5,-,-,n/a
300234066899350,2020-06-28 02:00:00,43.5967,-4.15915,19.5,-,-,n/a
300234066899350,2020-06-28 01:30:00,43.5989,-4.16234,19.5,-,-,n/a
300234066899350,2020-06-28 01:00:00,43.6001,-4.16621,19.5,-,-,n/a
300234066899350,2020-06-28 00:30:00,43.6008,-4.16965,19.5,-,-,n/a
300234066899350,2020-06-28 00:00:00,43.6013,-4.17352,19.4,-,-,n/a
300234066899350,2020-06-27 23:30:00,43.601,-4.1767,19.4,-,-,n/a
300234066899350,2020-06-27 23:00:00,43.5998,-4.17979,19.5,-,-,n/a
300234066899350,2020-06-27 22:30:00,43.5989,-4.18237,19.5,-,-,n/a
300234066899350,2020-06-27 22:00:00,43.5979,-4.18392,19.5,-,-,n/a
300234066899350,2020-06-27 21:30:00,43.5971,-4.18487,19.5,-,-,n/a
300234066899350,2020-06-27 21:00:00,43.5959,-4.18521,19.6,-,-,n/a
300234066899350,2020-06-27 20:30:00,43.5952,-4.1847,19.6,-,-,n/a
300234066899350,2020-06-27 20:00:00,43.5937,-4.18306,19.6,-,-,n/a
300234066899350,2020-06-27 19:30:00,43.5926,-4.18022,19.9,-,-,n/a
300234066899350,2020-06-27 19:00:00,43.5932,-4.17549,20.0,-,-,n/a
300234066899350,2020-06-27 18:30:00,43.5951,-4.16939,20.0,-,-,n/a
300234066899350,2020-06-27 18:00:00,43.5986,-4.16268,20.3,-,-,n/a
300234066899350,2020-06-27 17:30:00,43.6033,-4.15511,20.4,-,-,n/a
300234066899350,2020-06-27 17:00:00,43.6091,-4.14789,20.6,-,-,n/a
300234066899350,2020-06-27 16:30:00,43.615,-4.14118,20.5,-,-,n/a
300234066899350,2020-06-27 16:00:00,43.6207,-4.13482,20.5,-,-,n/a
300234066899350,2020-06-27 15:30:00,43.6259,-4.12931,20.6,-,-,n/a
300234066899350,2020-06-27 15:00:00,43.6308,-4.12561,20.7,-,-,n/a
300234066899350,2020-06-27 14:30:00,43.6347,-4.12295,20.7,-,-,n/a
300234066899350,2020-06-27 14:00:00,43.6377,-4.12097,21.0,-,-,n/a
300234066899350,2020-06-27 13:30:00,43.6388,-4.11865,21.2,-,-,n/a
300234066899350,2020-06-27 13:00:00,43.6399,-4.11572,21.1,-,-,n/a
300234066899350,2020-06-27 12:30:00,43.6415,-4.11246,21.0,-,-,n/a
300234066899350,2020-06-27 12:00:00,43.6427,-4.10996,21.0,-,-,n/a
300234066899350,2020-06-27 11:30:00,43.6435,-4.10798,21.1,-,-,n/a
300234066899350,2020-06-27 11:00:00,43.644,-4.10515,20.8,-,-,n/a
300234066899350,2020-06-27 10:30:00,43.6449,-4.10231,20.3,-,-,n/a
300234066899350,2020-06-27 10:00:00,43.6458,-4.0993,19.9,-,-,n/a
300234066899350,2020-06-27 09:30:00,43.6468,-4.09551,19.3,-,-,n/a
300234066899350,2020-06-27 09:00:00,43.648,-4.09147,19.1,-,-,n/a
300234066899350,2020-06-27 08:30:00,43.649,-4.0876,18.9,-,-,n/a
300234066899350,2020-06-27 08:00:00,43.6502,-4.08468,18.8,-,-,n/a
300234066899350,2020-06-27 07:30:00,43.6517,-4.08356,18.7,-,-,n/a
300234066899350,2020-06-27 07:00:00,43.6538,-4.08244,18.7,-,-,n/a
300234066899350,2020-06-27 06:30:00,43.6561,-4.0821,18.7,-,-,n/a
300234066899350,2020-06-27 06:00:00,43.6569,-4.08279,18.7,-,-,n/a
300234066899350,2020-06-27 05:30:00,43.6577,-4.0827,18.7,-,-,n/a
300234066899350,2020-06-27 05:00:00,43.6584,-4.08244,18.7,-,-,n/a
300234066899350,2020-06-27 04:30:00,43.6588,-4.08141,18.7,-,-,n/a
300234066899350,2020-06-27 04:00:00,43.6584,-4.08003,18.7,-,-,n/a
300234066899350,2020-06-27 03:30:00,43.6582,-4.07892,18.7,-,-,n/a
300234066899350,2020-06-27 03:00:00,43.6579,-4.07677,18.7,-,-,n/a
300234066899350,2020-06-27 02:30:00,43.657,-4.07401,18.7,-,-,n/a
300234066899350,2020-06-27 02:00:00,43.6558,-4.07075,18.7,-,-,n/a
300234066899350,2020-06-27 01:30:00,43.6548,-4.06679,18.7,-,-,n/a
300234066899350,2020-06-27 01:00:00,43.6537,-4.06197,18.7,-,-,n/a
300234066899350,2020-06-27 00:30:00,43.6529,-4.05621,18.7,-,-,n/a
300234066899350,2020-06-27 00:00:00,43.6525,-4.05002,18.7,-,-,n/a
300234066899350,2020-06-26 23:30:00,43.6527,-4.04357,18.8,-,-,n/a
300234066899350,2020-06-26 23:00:00,43.6525,-4.03712,18.8,-,-,n/a
300234066899350,2020-06-26 22:30:00,43.6535,-4.03076,18.8,-,-,n/a
300234066899350,2020-06-26 22:00:00,43.6548,-4.02388,18.8,-,-,n/a
300234066899350,2020-06-26 21:30:00,43.657,-4.01717,18.8,-,-,n/a
300234066899350,2020-06-26 21:00:00,43.659,-4.0108,18.8,-,-,n/a
300234066899350,2020-06-26 20:30:00,43.662,-4.0047,18.8,-,-,n/a
300234066899350,2020-06-26 20:00:00,43.6645,-3.99859,18.8,-,-,n/a
300234066899350,2020-06-26 19:30:00,43.6666,-3.99171,19.0,-,-,n/a
300234066899350,2020-06-26 19:00:00,43.6689,-3.98595,19.3,-,-,n/a
300234066899350,2020-06-26 18:30:00,43.6715,-3.98199,19.3,-,-,n/a
300234066899350,2020-06-26 18:00:00,43.6739,-3.9807,19.4,-,-,n/a
300234066899350,2020-06-26 17:30:00,43.6762,-3.9801,19.4,-,-,n/a
300234066899350,2020-06-26 17:00:00,43.6783,-3.97873,19.2,-,-,n/a
300234066899350,2020-06-26 16:30:00,43.6797,-3.97623,19.2,-,-,n/a
300234066899350,2020-06-26 16:00:00,43.681,-3.97391,19.0,-,-,n/a
300234066899350,2020-06-26 15:30:00,43.6825,-3.97116,18.8,-,-,n/a
300234066899350,2020-06-26 15:00:00,43.682,-3.96884,18.7,-,-,n/a
300234066899350,2020-06-26 14:30:00,43.6813,-3.96608,18.6,-,-,n/a
300234066899350,2020-06-26 14:00:00,43.6805,-3.96359,18.6,-,-,n/a
300234066899350,2020-06-26 13:30:00,43.6795,-3.96006,18.6,-,-,n/a
300234066899350,2020-06-26 13:00:00,43.6785,-3.95602,18.6,-,-,n/a
300234066899350,2020-06-26 12:30:00,43.6774,-3.95241,18.6,-,-,n/a
300234066899350,2020-06-26 12:00:00,43.6766,-3.94802,18.6,-,-,n/a
300234066899350,2020-06-26 11:30:00,43.675,-3.94209,18.6,-,-,n/a
300234066899350,2020-06-26 11:00:00,43.6732,-3.9353,18.6,-,-,n/a
300234066899350,2020-06-26 10:30:00,43.6723,-3.92713,18.6,-,-,n/a
300234066899350,2020-06-26 10:00:00,43.6709,-3.91706,18.6,-,-,n/a
300234066899350,2020-06-26 09:30:00,43.6699,-3.90752,18.6,-,-,n/a
300234066899350,2020-06-26 09:00:00,43.6688,-3.89823,18.6,-,-,n/a
300234066899350,2020-06-26 08:30:00,43.6686,-3.88954,18.6,-,-,n/a
300234066899350,2020-06-26 08:00:00,43.6683,-3.88163,18.6,-,-,n/a
300234066899350,2020-06-26 07:30:00,43.6689,-3.87398,18.6,-,-,n/a
300234066899350,2020-06-26 07:00:00,43.6695,-3.8671,18.6,-,-,n/a
300234066899350,2020-06-26 06:30:00,43.6701,-3.8603,18.6,-,-,n/a
300234066899350,2020-06-26 06:00:00,43.6704,-3.85265,18.6,-,-,n/a
300234066899350,2020-06-26 05:30:00,43.6702,-3.845,18.5,-,-,n/a
300234066899350,2020-06-26 05:00:00,43.6707,-3.83726,18.6,-,-,n/a
300234066899350,2020-06-26 04:30:00,43.6726,-3.82909,18.6,-,-,n/a
300234066899350,2020-06-26 04:00:00,43.6748,-3.82169,18.6,-,-,n/a
300234066899350,2020-06-26 03:30:00,43.6762,-3.81335,18.6,-,-,n/a
300234066899350,2020-06-26 03:00:00,43.6784,-3.80578,18.6,-,-,n/a
300234066899350,2020-06-26 02:30:00,43.6797,-3.79933,18.6,-,-,n/a
300234066899350,2020-06-26 02:00:00,43.6812,-3.79383,18.6,-,-,n/a
300234066899350,2020-06-26 01:30:00,43.6817,-3.7897,18.7,-,-,n/a
300234066899350,2020-06-26 01:00:00,43.6818,-3.78617,18.6,-,-,n/a
300234066899350,2020-06-26 00:30:00,43.6812,-3.78299,18.6,-,-,n/a
300234066899350,2020-06-26 00:00:00,43.68,-3.78007,18.6,-,-,n/a
300234066899350,2020-06-25 23:30:00,43.678,-3.77783,18.6,-,-,n/a
300234066899350,2020-06-25 23:00:00,43.6762,-3.77482,18.6,-,-,n/a
300234066899350,2020-06-25 22:30:00,43.6736,-3.77207,18.6,-,-,n/a
300234066899350,2020-06-25 22:00:00,43.6697,-3.76837,18.6,-,-,n/a
300234066899350,2020-06-25 21:30:00,43.6658,-3.7639,18.6,-,-,n/a
300234066899350,2020-06-25 21:00:00,43.6622,-3.75839,18.6,-,-,n/a
300234066899350,2020-06-25 20:30:00,43.6595,-3.75255,18.6,-,-,n/a
300234066899350,2020-06-25 20:00:00,43.6567,-3.74601,18.6,-,-,n/a
300234066899350,2020-06-25 19:30:00,43.6543,-3.73922,18.6,-,-,n/a
300234066899350,2020-06-25 19:20:00,43.6533,-3.73664,18.6,-,-,n/a
300234066899350,2020-06-25 19:10:00,43.6527,-3.73397,18.6,-,-,n/a
300234066899350,2020-06-25 19:00:00,43.6523,-3.73122,18.6,-,-,n/a
300234066899350,2020-06-25 18:50:00,43.6518,-3.72838,18.6,-,-,n/a
300234066899350,2020-06-25 18:40:00,43.6514,-3.72571,18.6,-,-,n/a
300234066899350,2020-06-25 18:30:00,43.6506,-3.7227,18.6,-,-,n/a
300234066899350,2020-06-25 18:20:00,43.6501,-3.71978,18.6,-,-,n/a
300234066899350,2020-06-25 18:10:00,43.6496,-3.71677,18.6,-,-,n/a
300234066899350,2020-06-25 18:00:00,43.6492,-3.7141,18.6,-,-,n/a
300234066899350,2020-06-25 17:50:00,43.6486,-3.71109,18.7,-,-,n/a
300234066899350,2020-06-25 17:40:00,43.6483,-3.70834,18.6,-,-,n/a
300234066899350,2020-06-25 17:30:00,43.6482,-3.7055,18.7,-,-,n/a
300234066899350,2020-06-25 17:20:00,43.6482,-3.70258,18.7,-,-,n/a
300234066899350,2020-06-25 17:10:00,43.648,-3.69991,18.7,-,-,n/a
300234066899350,2020-06-25 17:00:00,43.648,-3.69725,18.7,-,-,n/a
300234066899350,2020-06-25 16:50:00,43.6485,-3.6945,18.6,-,-,n/a
300234066899350,2020-06-25 16:40:00,43.649,-3.69174,18.6,-,-,n/a
300234066899350,2020-06-25 16:30:00,43.6498,-3.68839,18.7,-,-,n/a
300234066899350,2020-06-25 16:20:00,43.6506,-3.68512,18.7,-,-,n/a
300234066899350,2020-06-25 16:10:00,43.6512,-3.6822,18.6,-,-,n/a
300234066899350,2020-06-25 16:00:00,43.6519,-3.67936,18.7,-,-,n/a
300234066899350,2020-06-25 15:50:00,43.6527,-3.67678,18.7,-,-,n/a
300234066899350,2020-06-25 15:40:00,43.6538,-3.67394,18.7,-,-,n/a
300234066899350,2020-06-25 15:30:00,43.6551,-3.67128,18.6,-,-,n/a
300234066899350,2020-06-25 15:20:00,43.6561,-3.66878,18.6,-,-,n/a
300234066899350,2020-06-25 15:10:00,43.6569,-3.66637,18.6,-,-,n/a
300234066899350,2020-06-25 15:00:00,43.6576,-3.66422,18.6,-,-,n/a
300234066899350,2020-06-25 14:50:00,43.6582,-3.66242,18.6,-,-,n/a
300234066899350,2020-06-25 14:40:00,43.6591,-3.66044,18.6,-,-,n/a
300234066899350,2020-06-25 14:30:00,43.6603,-3.65863,18.6,-,-,n/a
300234066899350,2020-06-25 14:20:00,43.6615,-3.65648,18.6,-,-,n/a
300234066899350,2020-06-25 14:10:00,43.6629,-3.65459,18.6,-,-,n/a
300234066899350,2020-06-25 14:00:00,43.6641,-3.65279,18.7,-,-,n/a
300234066899350,2020-06-25 13:50:00,43.6652,-3.65141,18.7,-,-,n/a
300234066899350,2020-06-25 13:40:00,43.6661,-3.64995,18.7,-,-,n/a
300234066899350,2020-06-25 13:30:00,43.6673,-3.64849,18.7,-,-,n/a
300234066899350,2020-06-25 13:20:00,43.6685,-3.64728,18.7,-,-,n/a
300234066899350,2020-06-25 13:10:00,43.67,-3.64634,18.7,-,-,n/a
300234066899350,2020-06-25 13:00:00,43.6713,-3.64565,18.7,-,-,n/a
300234066899350,2020-06-25 12:50:00,43.6727,-3.64479,18.7,-,-,n/a
300234066899350,2020-06-25 12:40:00,43.6738,-3.64427,18.7,-,-,n/a
300234066899350,2020-06-25 12:30:00,43.6746,-3.6441,18.7,-,-,n/a
300234066899350,2020-06-25 12:20:00,43.6752,-3.64436,18.7,-,-,n/a
300234066899350,2020-06-25 12:10:00,43.6761,-3.64436,18.7,-,-,n/a
300234066899350,2020-06-25 12:00:00,43.6772,-3.64419,18.8,-,-,n/a
300234066899350,2020-06-25 11:50:00,43.6781,-3.64419,18.8,-,-,n/a
300234066899350,2020-06-25 11:40:00,43.6788,-3.64427,18.8,-,-,n/a
300234066899350,2020-06-25 11:30:00,43.6795,-3.64401,18.8,-,-,n/a
300234066899350,2020-06-25 11:20:00,43.6802,-3.64376,18.8,-,-,n/a
300234066899350,2020-06-25 11:10:00,43.6803,-3.6441,18.8,-,-,n/a
300234066899350,2020-06-25 11:00:00,43.6804,-3.64427,18.8,-,-,n/a
300234066899350,2020-06-25 10:50:00,43.6808,-3.64384,18.8,-,-,n/a
300234066899350,2020-06-25 10:40:00,43.6809,-3.64393,18.8,-,-,n/a
300234066899350,2020-06-25 10:30:00,43.681,-3.64419,18.8,-,-,n/a
300234066899350,2020-06-25 10:20:00,43.6811,-3.64393,18.8,-,-,n/a
300234066899350,2020-06-25 10:10:00,43.6816,-3.64341,18.8,-,-,n/a
300234066899350,2020-06-25 10:00:00,43.6818,-3.64315,18.8,-,-,n/a
300234066899350,2020-06-25 09:50:00,43.6818,-3.64272,18.8,-,-,n/a
300234066899350,2020-06-25 09:40:00,43.6817,-3.64247,18.8,-,-,n/a
300234066899350,2020-06-25 09:30:00,43.6815,-3.64169,18.8,-,-,n/a
300234066899350,2020-06-25 09:20:00,43.6817,-3.641,18.8,-,-,n/a
300234066899350,2020-06-25 09:10:00,43.6816,-3.6404,18.8,-,-,n/a
300234066899350,2020-06-25 09:00:00,43.6817,-3.63989,18.8,-,-,n/a
300234066899350,2020-06-25 08:50:00,43.6817,-3.63911,18.8,-,-,n/a
300234066899350,2020-06-25 08:40:00,43.6818,-3.63842,18.8,-,-,n/a
300234066899350,2020-06-25 08:30:00,43.6815,-3.63799,18.8,-,-,n/a
300234066899350,2020-06-25 08:20:00,43.6812,-3.63722,18.8,-,-,n/a
300234066899350,2020-06-25 08:10:00,43.6808,-3.6367,18.8,-,-,n/a
300234066899350,2020-06-25 08:00:00,43.6807,-3.63567,18.8,-,-,n/a
300234066899350,2020-06-25 07:50:00,43.6806,-3.63481,18.8,-,-,n/a
300234066899350,2020-06-25 07:40:00,43.6805,-3.63352,18.8,-,-,n/a
300234066899350,2020-06-25 07:30:00,43.6799,-3.63258,18.8,-,-,n/a
300234066899350,2020-06-25 07:20:00,43.6794,-3.63163,18.8,-,-,n/a
300234066899350,2020-06-25 07:10:00,43.6793,-3.63043,18.8,-,-,n/a
300234066899350,2020-06-25 07:00:00,43.679,-3.62914,18.8,-,-,n/a
300234066899350,2020-06-25 06:50:00,43.6786,-3.62785,18.8,-,-,n/a
300234066899350,2020-06-25 06:40:00,43.678,-3.62681,18.8,-,-,n/a
300234066899350,2020-06-25 06:30:00,43.6777,-3.62561,18.8,-,-,n/a
300234066899350,2020-06-25 06:20:00,43.6775,-3.62423,18.8,-,-,n/a
300234066899350,2020-06-25 06:10:00,43.6774,-3.62294,18.8,-,-,n/a
300234066899350,2020-06-25 06:00:00,43.677,-3.62157,18.8,-,-,n/a
300234066899350,2020-06-25 05:50:00,43.6769,-3.62054,18.8,-,-,n/a
300234066899350,2020-06-25 05:40:00,43.6768,-3.6195,18.8,-,-,n/a
300234066899350,2020-06-25 05:30:00,43.6766,-3.6189,18.8,-,-,n/a
300234066899350,2020-06-25 05:20:00,43.6765,-3.61821,18.8,-,-,n/a
300234066899350,2020-06-25 05:10:00,43.6766,-3.61727,18.8,-,-,n/a
300234066899350,2020-06-25 05:00:00,43.6766,-3.61624,18.8,-,-,n/a
300234066899350,2020-06-25 04:50:00,43.6767,-3.6152,18.8,-,-,n/a
300234066899350,2020-06-25 04:40:00,43.6769,-3.61417,18.8,-,-,n/a
300234066899350,2020-06-25 04:30:00,43.6773,-3.61297,18.8,-,-,n/a
300234066899350,2020-06-25 04:20:00,43.6775,-3.61194,18.8,-,-,n/a
300234066899350,2020-06-25 04:10:00,43.678,-3.61151,18.8,-,-,n/a
300234066899350,2020-06-25 04:00:00,43.6782,-3.61142,18.8,-,-,n/a
300234066899350,2020-06-25 03:50:00,43.6784,-3.61142,18.8,-,-,n/a
300234066899350,2020-06-25 03:40:00,43.6784,-3.61133,18.8,-,-,n/a
300234066899350,2020-06-25 03:30:00,43.6787,-3.61108,18.8,-,-,n/a
300234066899350,2020-06-25 03:20:00,43.6787,-3.61082,18.8,-,-,n/a
300234066899350,2020-06-25 03:10:00,43.6793,-3.61056,18.8,-,-,n/a
300234066899350,2020-06-25 03:00:00,43.6799,-3.61039,18.8,-,-,n/a
300234066899350,2020-06-25 02:50:00,43.6806,-3.6103,18.8,-,-,n/a
300234066899350,2020-06-25 02:40:00,43.6812,-3.6103,18.8,-,-,n/a
300234066899350,2020-06-25 02:30:00,43.6814,-3.61065,18.8,-,-,n/a
300234066899350,2020-06-25 02:20:00,43.6816,-3.6109,18.8,-,-,n/a
300234066899350,2020-06-25 02:10:00,43.6816,-3.61142,18.8,-,-,n/a
300234066899350,2020-06-25 02:00:00,43.6813,-3.61202,18.9,-,-,n/a
300234066899350,2020-06-25 01:50:00,43.6811,-3.61254,18.8,-,-,n/a
300234066899350,2020-06-25 01:40:00,43.6806,-3.61271,18.8,-,-,n/a
300234066899350,2020-06-25 01:30:00,43.6804,-3.6128,18.8,-,-,n/a
300234066899350,2020-06-25 01:20:00,43.6798,-3.61297,18.8,-,-,n/a
300234066899350,2020-06-25 01:10:00,43.6791,-3.61297,18.8,-,-,n/a
300234066899350,2020-06-25 01:00:00,43.6784,-3.6128,18.8,-,-,n/a
300234066899350,2020-06-25 00:50:00,43.6779,-3.61237,18.9,-,-,n/a
300234066899350,2020-06-25 00:40:00,43.6775,-3.61176,18.9,-,-,n/a
300234066899350,2020-06-25 00:30:00,43.6771,-3.61116,18.9,-,-,n/a
300234066899350,2020-06-25 00:20:00,43.6768,-3.6103,18.9,-,-,n/a
300234066899350,2020-06-25 00:10:00,43.6765,-3.60918,18.9,-,-,n/a
300234066899350,2020-06-25 00:00:00,43.6762,-3.60798,18.9,-,-,n/a
300234066899350,2020-06-24 23:50:00,43.676,-3.60695,18.9,-,-,n/a
300234066899350,2020-06-24 23:40:00,43.6757,-3.60592,18.9,-,-,n/a
300234066899350,2020-06-24 23:30:00,43.6756,-3.60463,18.9,-,-,n/a
300234066899350,2020-06-24 23:20:00,43.6752,-3.60359,18.9,-,-,n/a
300234066899350,2020-06-24 23:10:00,43.675,-3.60222,18.9,-,-,n/a
300234066899350,2020-06-24 23:00:00,43.6749,-3.60058,18.9,-,-,n/a
300234066899350,2020-06-24 22:50:00,43.6745,-3.59895,18.9,-,-,n/a
300234066899350,2020-06-24 22:40:00,43.6742,-3.5974,18.9,-,-,n/a
300234066899350,2020-06-24 22:30:00,43.6741,-3.5956,18.9,-,-,n/a
300234066899350,2020-06-24 22:20:00,43.6742,-3.5937,18.9,-,-,n/a
300234066899350,2020-06-24 22:10:00,43.6744,-3.59147,18.9,-,-,n/a
300234066899350,2020-06-24 22:00:00,43.6744,-3.58958,18.9,-,-,n/a
300234066899350,2020-06-24 21:50:00,43.6744,-3.58786,18.9,-,-,n/a
300234066899350,2020-06-24 21:40:00,43.6747,-3.58588,18.9,-,-,n/a
300234066899350,2020-06-24 21:30:00,43.675,-3.5839,18.9,-,-,n/a
300234066899350,2020-06-24 21:20:00,43.6755,-3.58218,18.9,-,-,n/a
300234066899350,2020-06-24 21:10:00,43.6759,-3.58046,18.8,-,-,n/a
300234066899350,2020-06-24 21:00:00,43.6763,-3.57883,18.8,-,-,n/a
300234066899350,2020-06-24 20:50:00,43.6769,-3.57736,18.8,-,-,n/a
300234066899350,2020-06-24 20:40:00,43.6775,-3.57625,18.8,-,-,n/a
300234066899350,2020-06-24 20:30:00,43.6781,-3.57521,18.8,-,-,n/a
300234066899350,2020-06-24 20:20:00,43.6784,-3.57418,18.9,-,-,n/a
300234066899350,2020-06-24 20:10:00,43.6788,-3.57332,18.9,-,-,n/a
300234066899350,2020-06-24 20:00:00,43.6793,-3.57246,18.9,-,-,n/a
300234066899350,2020-06-24 19:50:00,43.6797,-3.57177,18.9,-,-,n/a
300234066899350,2020-06-24 19:40:00,43.6801,-3.57143,18.9,-,-,n/a
300234066899350,2020-06-24 19:30:00,43.6805,-3.57117,18.9,-,-,n/a
300234066899350,2020-06-24 19:24:00,43.6807,-3.57109,23.3,-,-,n/a